species,longitude,latitude
Alaria esculenta,-5.32628393173218,51.6516151428223
Alaria esculenta,15.5523099899292,76.9983215332031
Alaria esculenta,-5.32628393173218,51.6516151428223
Alaria esculenta,15.5523099899292,76.9983215332031
Alaria esculenta,-0.897417008876801,60.8582496643066
Alaria esculenta,-145.268768310547,70.0317687988281
Alaria esculenta,-5.32628393173218,51.6516151428223
Alaria esculenta,-145.268768310547,70.0317687988281
Alaria esculenta,-69.3970031738281,48.351001739502
Alaria esculenta,-145.268768310547,70.0317687988281
Alaria esculenta,-66.7880020141602,44.8009986877441
Alaria esculenta,15.555609703064,76.9965972900391
Alaria esculenta,-70.213996887207,43.6259994506836
Alaria esculenta,-145.257553100586,70.0244979858398
Alaria esculenta,-66.7369995117188,45.0719985961914
Alaria esculenta,15.5463199615479,76.9978866577148
Alaria esculenta,-66.7880020141602,44.8009986877441
Alaria esculenta,15.5475902557373,76.9975433349609
Alaria esculenta,-69.3970031738281,48.351001739502
Alaria esculenta,-147.58171081543,70.3227691650391
Alaria esculenta,-70.5920028686523,43.1660003662109
Alaria esculenta,-147.58171081543,70.3227691650391
Alaria esculenta,-59.9599990844727,45.8959999084473
Alaria esculenta,-147.58171081543,70.3227691650391
Alaria esculenta,-5.32628393173218,51.6516151428223
Alaria esculenta,-147.58171081543,70.3227691650391
Alaria esculenta,-5.18197011947632,51.6556167602539
Alaria esculenta,15.5535001754761,76.9974212646484
Alaria esculenta,-4.90042400360107,54.0009727478027
Alaria esculenta,15.5580101013184,76.9982070922852
Alaria esculenta,-5.32628393173218,51.6516151428223
Alaria esculenta,15.5516901016235,76.996337890625
Alaria esculenta,-5.32628393173218,51.6516151428223
Alaria esculenta,-147.578994750977,70.3219985961914
Alaria esculenta,-5.32628393173218,51.6516151428223
Alaria esculenta,-147.578994750977,70.3219985961914
Alaria esculenta,-5.32628393173218,51.6516151428223
Alaria esculenta,-147.578994750977,70.3219985961914
Alaria esculenta,-5.32628393173218,51.6516151428223
Alaria esculenta,-147.578994750977,70.3219985961914
Alaria esculenta,-5.32628393173218,51.6516151428223
Alaria esculenta,-147.578994750977,70.3219985961914
Alaria esculenta,-4.90042400360107,54.0009727478027
Alaria esculenta,-6.35300016403198,55.2490005493164
Alaria esculenta,-5.32628393173218,51.6516151428223
Alaria esculenta,-6.38000011444092,52.1749992370605
Alaria esculenta,-5.32628393173218,51.6516151428223
Alaria esculenta,-5.71500015258789,54.8479995727539
Alaria esculenta,-5.32628393173218,51.6516151428223
Alaria esculenta,-7.75600004196167,55.2569999694824
Alaria esculenta,-5.18197011947632,51.6556167602539
Alaria esculenta,-4.90042400360107,54.0009727478027
Alaria esculenta,-5.32628393173218,51.6516151428223
Alaria esculenta,-4.24927377700806,50.3281478881836
Alaria esculenta,-5.32628393173218,51.6516151428223
Alaria esculenta,-4.90042400360107,54.0009727478027
Alaria esculenta,-5.18197011947632,51.6556167602539
Alaria esculenta,-4.48076105117798,54.6396636962891
Alaria esculenta,-5.32628393173218,51.6516151428223
Alaria esculenta,-4.48076105117798,54.6396636962891
Alaria esculenta,-5.32628393173218,51.6516151428223
Alaria esculenta,-5.10651397705078,54.7151260375977
Alaria esculenta,-5.18197011947632,51.6556167602539
Alaria esculenta,-3.74063992500305,58.9654502868652
Alaria esculenta,-5.32628393173218,51.6516151428223
Alaria esculenta,-3.82117605209351,50.15576171875
Alaria esculenta,-5.18197011947632,51.6556167602539
Alaria esculenta,-3.82117605209351,50.15576171875
Alaria esculenta,-5.32628393173218,51.6516151428223
Alaria esculenta,-4.93980598449707,50.1328163146973
Alaria esculenta,-5.32628393173218,51.6516151428223
Alaria esculenta,-4.69605588912964,53.1965255737305
Alaria esculenta,-5.18197011947632,51.6556167602539
Alaria esculenta,-4.44847822189331,54.1009368896484
Alaria esculenta,-5.32628393173218,51.6516151428223
Alaria esculenta,-6.1308422088623,57.1127548217773
Alaria esculenta,-66.996452331543,44.9178009033203
Alaria esculenta,-5.33950805664062,51.8311309814453
Alaria esculenta,-67.0220108032227,44.8907012939453
Alaria esculenta,-4.75995016098022,54.1840972900391
Alaria esculenta,-66.9841003417969,44.9062004089355
Alaria esculenta,-4.74804782867432,54.0045547485352
Alaria esculenta,-67.007682800293,44.896858215332
Alaria esculenta,-4.74804782867432,54.0045547485352
Alaria esculenta,-5.32628393173218,51.6516151428223
Alaria esculenta,-4.74804782867432,54.0045547485352
Alaria esculenta,-5.32628393173218,51.6516151428223
Alaria esculenta,-9.76200008392334,53.1230010986328
Alaria esculenta,-4.24927377700806,50.3281478881836
Alaria esculenta,-4.74804782867432,54.0045547485352
Alaria esculenta,-5.32628393173218,51.6516151428223
Alaria esculenta,-10.483136177063,52.1262054443359
Alaria esculenta,-5.32628393173218,51.6516151428223
Alaria esculenta,-3.96107888221741,50.1534805297852
Alaria esculenta,-5.32628393173218,51.6516151428223
Alaria esculenta,-5.28329610824585,54.9802055358887
Alaria esculenta,-4.90042400360107,54.0009727478027
Alaria esculenta,-10.4682741165161,51.8568458557129
Alaria esculenta,-5.32628393173218,51.6516151428223
Alaria esculenta,-10.4781560897827,52.0364227294922
Alaria esculenta,-5.32628393173218,51.6516151428223
Alaria esculenta,-10.0369997024536,51.5880012512207
Alaria esculenta,-5.18197011947632,51.6556167602539
Alaria esculenta,-6.35099983215332,55.2439994812012
Alaria esculenta,-4.90042400360107,54.0009727478027
Alaria esculenta,-8.73900032043457,54.273998260498
Alaria esculenta,-5.32628393173218,51.6516151428223
Alaria esculenta,-6.08599996566772,55.2039985656738
Alaria esculenta,-5.32628393173218,51.6516151428223
Alaria esculenta,-6.48799991607666,55.25
Alaria esculenta,-0.897417008876801,60.8582496643066
Alaria esculenta,-6.21999979019165,53.7970008850098
Alaria esculenta,-5.18197011947632,51.6556167602539
Alaria esculenta,-5.84200000762939,54.9010009765625
Alaria esculenta,-5.32628393173218,51.6516151428223
Alaria esculenta,-6.28599977493286,55.2929992675781
Alaria esculenta,-5.54934787750244,57.9396476745605
Alaria esculenta,-7.87900018692017,51.8779983520508
Alaria esculenta,-6.61344718933105,57.0059204101562
Alaria esculenta,-9.67000007629395,52.6920013427734
Alaria esculenta,-7.49938201904297,57.4200630187988
Alaria esculenta,-9.67000007629395,52.6920013427734
Alaria esculenta,-5.33950805664062,51.8311309814453
Alaria esculenta,-9.08899974822998,54.234001159668
Alaria esculenta,-2.64460492134094,56.1010856628418
Alaria esculenta,-8.66499996185303,54.4280014038086
Alaria esculenta,-5.33950805664062,51.8311309814453
Alaria esculenta,-6.07399988174438,53.5200004577637
Alaria esculenta,-5.32628393173218,51.6516151428223
Alaria esculenta,-6.51100015640259,55.242000579834
Alaria esculenta,-5.32628393173218,51.6516151428223
Alaria esculenta,-6.25500011444092,55.3120002746582
Alaria esculenta,-5.32628393173218,51.6516151428223
Alaria esculenta,-6.26599979400635,55.2190017700195
Alaria esculenta,-5.32628393173218,51.6516151428223
Alaria esculenta,-6.13399982452393,55.2239990234375
Alaria esculenta,-5.32628393173218,51.6516151428223
Alaria esculenta,-10.2740001678467,53.9710006713867
Alaria esculenta,-5.32628393173218,51.6516151428223
Alaria esculenta,-9.49400043487549,52.7960014343262
Alaria esculenta,-5.32628393173218,51.6516151428223
Alaria esculenta,-5.52299976348877,54.3250007629395
Alaria esculenta,-5.32628393173218,51.6516151428223
Alaria esculenta,-8.21100044250488,55.1529998779297
Alaria esculenta,-4.10491418838501,50.240909576416
Alaria esculenta,-6.60900020599365,52.125
Alaria esculenta,-2.64460492134094,56.1010856628418
Alaria esculenta,-8.21100044250488,55.1529998779297
Alaria esculenta,-4.54652309417725,53.1998176574707
Alaria esculenta,-8.60400009155273,54.3800010681152
Alaria esculenta,-6.01505184173584,56.0374183654785
Alaria esculenta,-8.60400009155273,54.3800010681152
Alaria esculenta,-8.77052974700928,54.3961639404297
Alaria esculenta,-8.60400009155273,54.3800010681152
Alaria esculenta,-2.64460492134094,56.1010856628418
Alaria esculenta,-6.27600002288818,55.2900009155273
Alaria esculenta,-2.64460492134094,56.1010856628418
Alaria esculenta,-6.27199983596802,55.3059997558594
Alaria esculenta,-2.64460492134094,56.1010856628418
Alaria esculenta,-5.73899984359741,54.9290008544922
Alaria esculenta,-2.64460492134094,56.1010856628418
Alaria esculenta,-9.29399967193604,53.1380004882812
Alaria esculenta,-2.64460492134094,56.1010856628418
Alaria esculenta,-9.29399967193604,53.1380004882812
Alaria esculenta,-10.332558631897,52.0393943786621
Alaria esculenta,-4.82201290130615,52.8339233398438
Alaria esculenta,-2.64460492134094,56.1010856628418
Alaria esculenta,-4.82201290130615,52.8339233398438
Alaria esculenta,-10.332558631897,52.0393943786621
Alaria esculenta,-5.45800018310547,54.3779983520508
Alaria esculenta,-2.64460492134094,56.1010856628418
Alaria esculenta,-9.35499954223633,54.3190002441406
Alaria esculenta,-2.64460492134094,56.1010856628418
Alaria esculenta,-6.38700008392334,52.1510009765625
Alaria esculenta,-2.64460492134094,56.1010856628418
Alaria esculenta,-9.4379997253418,51.476001739502
Alaria esculenta,-2.64460492134094,56.1010856628418
Alaria esculenta,-6.94600009918213,52.125
Alaria esculenta,-6.28554821014404,55.5785903930664
Alaria esculenta,-6.35500001907349,55.242000579834
Alaria esculenta,-2.64460492134094,56.1010856628418
Alaria esculenta,-9.45600032806396,52.8569984436035
Alaria esculenta,-1.82078421115875,60.3239707946777
Alaria esculenta,-6.06599998474121,55.1980018615723
Alaria esculenta,-1.82078421115875,60.3239707946777
Alaria esculenta,-5.52400016784668,54.6920013427734
Alaria esculenta,-4.54652309417725,53.1998176574707
Alaria esculenta,-6.72200012207031,55.189998626709
Alaria esculenta,-7.49938201904297,57.4200630187988
Alaria esculenta,-6.03599977493286,55.1710014343262
Alaria esculenta,-6.31137609481812,49.8199806213379
Alaria esculenta,-10.2040004730225,54.1559982299805
Alaria esculenta,-5.33950805664062,51.8311309814453
Alaria esculenta,-9.05799961090088,54.2849998474121
Alaria esculenta,-2.64460492134094,56.1010856628418
Alaria esculenta,-5.75799989700317,54.2319984436035
Alaria esculenta,-5.54934787750244,57.9396476745605
Alaria esculenta,-8.9689998626709,51.5530014038086
Alaria esculenta,-4.54652309417725,53.1998176574707
Alaria esculenta,-5.52600002288818,54.3050003051758
Alaria esculenta,-6.25443983078003,56.7488784790039
Alaria esculenta,-9.91899967193604,51.7980003356934
Alaria esculenta,-13.6666669845581,65.1999969482422
Alaria esculenta,-6.2189998626709,55.3079986572266
Alaria esculenta,-13.6333332061768,65.216667175293
Alaria esculenta,-6.61700010299683,55.2249984741211
Alaria esculenta,-13.7833337783813,65.1999969482422
Alaria esculenta,-5.68800020217896,54.8089981079102
Alaria esculenta,-13.75,65.1999969482422
Alaria esculenta,-5.96400022506714,55.0400009155273
Alaria esculenta,-13.5666666030884,65.2666702270508
Alaria esculenta,-10.3420000076294,51.9480018615723
Alaria esculenta,-13.7333335876465,65.1999969482422
Alaria esculenta,-9.82600021362305,51.5530014038086
Alaria esculenta,-3.28449988365173,56.006233215332
Alaria esculenta,-6.64400005340576,55.2220001220703
Alaria esculenta,-5.87290525436401,56.2218017578125
Alaria esculenta,-9.82600021362305,51.5530014038086
Alaria esculenta,-4.67927694320679,52.9271507263184
Alaria esculenta,-10.3420000076294,51.9480018615723
Alaria esculenta,-6.12735080718994,55.5840263366699
Alaria esculenta,-8.94499969482422,54.2980003356934
Alaria esculenta,-9.34821510314941,53.2230415344238
Alaria esculenta,-7.80000019073486,55.298999786377
Alaria esculenta,-6.45823287963867,49.9043998718262
Alaria esculenta,-5.52799987792969,54.3419990539551
Alaria esculenta,19.1000003814697,74.3433303833008
Alaria esculenta,-6.61899995803833,52.109001159668
Alaria esculenta,-6.45823287963867,49.9043998718262
Alaria esculenta,-8.44900035858154,54.4720001220703
Alaria esculenta,-5.87290525436401,56.2218017578125
Alaria esculenta,-7.76100015640259,55.2470016479492
Alaria esculenta,-5.34635305404663,49.9418716430664
Alaria esculenta,-7.76100015640259,55.2470016479492
Alaria esculenta,-5.87669706344604,57.8401794433594
Alaria esculenta,-10.2449998855591,53.9749984741211
Alaria esculenta,-5.70233488082886,54.1970291137695
Alaria esculenta,-9.72999954223633,52.6520004272461
Alaria esculenta,-5.33950805664062,51.8311309814453
Alaria esculenta,-9.63500022888184,54.3269996643066
Alaria esculenta,-2.64460492134094,56.1010856628418
Alaria esculenta,-6.25500011444092,55.2900009155273
Alaria esculenta,-2.64460492134094,56.1010856628418
Alaria esculenta,-6.25500011444092,55.310001373291
Alaria esculenta,-6.83207178115845,52.1465606689453
Alaria esculenta,-6.25500011444092,55.310001373291
Alaria esculenta,-5.34635305404663,49.9418716430664
Alaria esculenta,-10.2639999389648,51.7249984741211
Alaria esculenta,-5.16269016265869,55.432933807373
Alaria esculenta,-10.2639999389648,51.7249984741211
Alaria esculenta,-5.33950805664062,51.8311309814453
Alaria esculenta,-5.55200004577637,54.3720016479492
Alaria esculenta,-5.77638387680054,55.2356567382812
Alaria esculenta,-10.0659999847412,52.3160018920898
Alaria esculenta,-5.34635305404663,49.9418716430664
Alaria esculenta,-8.83899974822998,54.6599998474121
Alaria esculenta,-5.34635305404663,49.9418716430664
Alaria esculenta,-6.04400014877319,55.173999786377
Alaria esculenta,-5.34635305404663,49.9418716430664
Alaria esculenta,-6.58900022506714,55.2210006713867
Alaria esculenta,-5.34635305404663,49.9418716430664
Alaria esculenta,-9.40999984741211,51.4609985351562
Alaria esculenta,-4.88649797439575,55.9791221618652
Alaria esculenta,-5.53399991989136,54.3530006408691
Alaria esculenta,-5.85753011703491,57.660945892334
Alaria esculenta,-6.03299999237061,55.0999984741211
Alaria esculenta,-5.33950805664062,51.8311309814453
Alaria esculenta,-2.18137288093567,60.0545883178711
Alaria esculenta,-5.32628393173218,51.6516151428223
Alaria esculenta,-1.64168095588684,60.1440200805664
Alaria esculenta,-5.54934787750244,57.9396476745605
Alaria esculenta,-4.63553714752197,54.6363906860352
Alaria esculenta,-4.71669816970825,51.1276817321777
Alaria esculenta,-6.44368886947632,55.5729484558105
Alaria esculenta,19.2608337402344,74.443000793457
Alaria esculenta,-2.18137288093567,60.0545883178711
Alaria esculenta,19.2691669464111,74.4581680297852
Alaria esculenta,-4.54121112823486,53.1100196838379
Alaria esculenta,-6.87143087387085,56.4563522338867
Alaria esculenta,-6.31137609481812,49.8199806213379
Alaria esculenta,-6.87143087387085,56.4563522338867
Alaria esculenta,-5.64491605758667,50.2027702331543
Alaria esculenta,-4.71669816970825,51.1276817321777
Alaria esculenta,-5.72072505950928,56.31640625
Alaria esculenta,-7.67895221710205,57.5020866394043
Alaria esculenta,-3.86146402359009,57.9756088256836
Alaria esculenta,-4.71669816970825,51.1276817321777
Alaria esculenta,-3.86146402359009,57.9756088256836
Alaria esculenta,-6.38614988327026,56.4744834899902
Alaria esculenta,-6.55873203277588,56.5582046508789
Alaria esculenta,19.2654991149902,74.4506683349609
Alaria esculenta,-13.5635280609131,57.5483589172363
Alaria esculenta,-5.64491605758667,50.2027702331543
Alaria esculenta,-2.70294809341431,59.2446632385254
Alaria esculenta,-4.71669816970825,51.1276817321777
Alaria esculenta,-13.5635280609131,57.5483589172363
Alaria esculenta,-9.91488647460938,52.4963188171387
Alaria esculenta,-8.57256507873535,57.8188323974609
Alaria esculenta,-5.54934787750244,57.9396476745605
Alaria esculenta,-5.28329610824585,54.9802055358887
Alaria esculenta,-5.54934787750244,57.9396476745605
Alaria esculenta,-5.98732614517212,55.7685317993164
Alaria esculenta,19.142333984375,74.3560028076172
Alaria esculenta,-2.70294809341431,59.2446632385254
Alaria esculenta,19.1748332977295,74.3856658935547
Alaria esculenta,-2.70294809341431,59.2446632385254
Alaria esculenta,19.142333984375,74.3560028076172
Alaria esculenta,-5.34635305404663,49.9418716430664
Alaria esculenta,19.1748332977295,74.3856658935547
Alaria esculenta,-5.34635305404663,49.9418716430664
Alaria esculenta,-5.54934787750244,57.9396476745605
Alaria esculenta,-5.85753011703491,57.660945892334
Alaria esculenta,-4.71669816970825,51.1276817321777
Alaria esculenta,-5.34635305404663,49.9418716430664
Alaria esculenta,26.514066696167,76.512336730957
Alaria esculenta,-5.85753011703491,57.660945892334
Alaria esculenta,19.2654991149902,74.4506683349609
Alaria esculenta,-5.34635305404663,49.9418716430664
Alaria esculenta,18.7738342285156,74.4691696166992
Alaria esculenta,-5.85753011703491,57.660945892334
Alaria esculenta,-4.71669816970825,51.1276817321777
Alaria esculenta,-5.34635305404663,49.9418716430664
Alaria esculenta,-4.71669816970825,51.1276817321777
Alaria esculenta,-4.84059000015259,55.3509483337402
Alaria esculenta,-9.91488647460938,52.4963188171387
Alaria esculenta,-5.98732614517212,55.7685317993164
Alaria esculenta,-6.87143087387085,56.4563522338867
Alaria esculenta,-2.18137288093567,60.0545883178711
Alaria esculenta,-6.87143087387085,56.4563522338867
Alaria esculenta,-5.80136823654175,57.1231918334961
Alaria esculenta,-4.71669816970825,51.1276817321777
Alaria esculenta,-1.09909498691559,60.2312355041504
Alaria esculenta,-4.71669816970825,51.1276817321777
Alaria esculenta,-1.46162700653076,60.1434097290039
Alaria esculenta,-4.71669816970825,51.1276817321777
Alaria esculenta,-2.70294809341431,59.2446632385254
Alaria esculenta,-6.44997310638428,49.8147315979004
Alaria esculenta,-6.81233978271484,57.2683219909668
Alaria esculenta,-4.71669816970825,51.1276817321777
Alaria esculenta,-2.70294809341431,59.2446632385254
Alaria esculenta,-9.34540176391602,53.1332168579102
Alaria esculenta,-2.18186807632446,60.1443786621094
Alaria esculenta,-4.71669816970825,51.1276817321777
Alaria esculenta,-5.35259580612183,50.0316581726074
Alaria esculenta,-6.31137609481812,49.8199806213379
Alaria esculenta,-2.70294809341431,59.2446632385254
Alaria esculenta,-5.66923189163208,55.7784538269043
Alaria esculenta,-2.70294809341431,59.2446632385254
Alaria esculenta,-5.63654899597168,57.1280860900879
Alaria esculenta,-2.18137288093567,60.0545883178711
Alaria esculenta,-8.61929225921631,54.5767021179199
Alaria esculenta,-1.46162700653076,60.1434097290039
Alaria esculenta,-1.09662294387817,60.3210105895996
Alaria esculenta,-5.64491605758667,50.2027702331543
Alaria esculenta,-8.61929225921631,54.5767021179199
Alaria esculenta,-2.18137288093567,60.0545883178711
Alaria esculenta,-5.63654899597168,57.1280860900879
Alaria esculenta,-2.18137288093567,60.0545883178711
Alaria esculenta,-8.61929225921631,54.5767021179199
Alaria esculenta,-2.70294809341431,59.2446632385254
Alaria esculenta,-6.19157981872559,59.089038848877
Alaria esculenta,-2.18137288093567,60.0545883178711
Alaria esculenta,-1.46308898925781,60.0536270141602
Alaria esculenta,-2.70294809341431,59.2446632385254
Alaria esculenta,-5.07952404022217,50.1291923522949
Alaria esculenta,-2.18137288093567,60.0545883178711
Alaria esculenta,-6.33513402938843,56.0265693664551
Alaria esculenta,-2.18137288093567,60.0545883178711
Alaria esculenta,-6.33513402938843,56.0265693664551
Alaria esculenta,-2.18137288093567,60.0545883178711
Alaria esculenta,-6.33513402938843,56.0265693664551
Alaria esculenta,-2.18137288093567,60.0545883178711
Alaria esculenta,-5.02552604675293,55.7061004638672
Alaria esculenta,-2.18137288093567,60.0545883178711
Alaria esculenta,-5.02552604675293,55.7061004638672
Alaria esculenta,-2.18137288093567,60.0545883178711
Alaria esculenta,-5.02552604675293,55.7061004638672
Alaria esculenta,-2.18137288093567,60.0545883178711
Alaria esculenta,-6.31137609481812,49.8199806213379
Alaria esculenta,-2.18137288093567,60.0545883178711
Alaria esculenta,-3.3966269493103,59.0594367980957
Alaria esculenta,-2.18137288093567,60.0545883178711
Alaria esculenta,-6.01505184173584,56.0374183654785
Alaria esculenta,-2.18137288093567,60.0545883178711
Alaria esculenta,-4.82201290130615,52.8339233398438
Alaria esculenta,-2.18137288093567,60.0545883178711
Alaria esculenta,-5.63129615783691,50.0232582092285
Alaria esculenta,-6.24432420730591,56.6592903137207
Alaria esculenta,-5.64491605758667,50.2027702331543
Alaria esculenta,-1.46741998195648,59.7842636108398
Alaria esculenta,-2.4895761013031,56.5510139465332
Alaria esculenta,-5.6148099899292,51.6430778503418
Alaria esculenta,-6.98017978668213,52.0580596923828
Alaria esculenta,-2.70294809341431,59.2446632385254
Alaria esculenta,-6.98017978668213,52.0580596923828
Alaria esculenta,-4.28393220901489,51.047004699707
Alaria esculenta,-8.46364402770996,54.4875679016113
Alaria esculenta,-1.09909498691559,60.2312355041504
Alaria esculenta,-6.98017978668213,52.0580596923828
Alaria esculenta,-2.18137288093567,60.0545883178711
Alaria esculenta,-5.54392910003662,54.2837677001953
Alaria esculenta,-6.24432420730591,56.6592903137207
Alaria esculenta,-6.98017978668213,52.0580596923828
Alaria esculenta,-2.18137288093567,60.0545883178711
Alaria esculenta,-5.64491605758667,50.2027702331543
Alaria esculenta,-2.18137288093567,60.0545883178711
Alaria esculenta,-6.98017978668213,52.0580596923828
Alaria esculenta,-6.24432420730591,56.6592903137207
Alaria esculenta,-5.63129615783691,50.0232582092285
Alaria esculenta,-1.46741998195648,59.7842636108398
Alaria esculenta,-5.36644983291626,55.9669380187988
Alaria esculenta,-6.24432420730591,56.6592903137207
Alaria esculenta,-10.2649192810059,53.5686225891113
Alaria esculenta,-2.18137288093567,60.0545883178711
Alaria esculenta,-6.6173791885376,58.3550148010254
Alaria esculenta,-2.18137288093567,60.0545883178711
Alaria esculenta,-5.96871280670166,55.0104637145996
Alaria esculenta,-2.18137288093567,60.0545883178711
Alaria esculenta,-9.64753246307373,53.2192802429199
Alaria esculenta,-6.24432420730591,56.6592903137207
Alaria esculenta,-1.84264695644379,55.6534271240234
Alaria esculenta,-1.46741998195648,59.7842636108398
Alaria esculenta,-10.4682741165161,51.8568458557129
Alaria esculenta,-2.18137288093567,60.0545883178711
Alaria esculenta,-5.77764701843262,50.1085548400879
Alaria esculenta,-2.18137288093567,60.0545883178711
Alaria esculenta,-1.84264695644379,55.6534271240234
Alaria esculenta,-1.09909498691559,60.2312355041504
Alaria esculenta,-5.77764701843262,50.1085548400879
Alaria esculenta,-2.18137288093567,60.0545883178711
Alaria esculenta,-10.4682741165161,51.8568458557129
Alaria esculenta,-2.18137288093567,60.0545883178711
Alaria esculenta,-4.84059000015259,55.3509483337402
Alaria esculenta,-2.18137288093567,60.0545883178711
Alaria esculenta,-5.09966611862183,54.6253929138184
Alaria esculenta,-2.18137288093567,60.0545883178711
Alaria esculenta,-5.19462203979492,51.8351593017578
Alaria esculenta,-5.98732614517212,55.7685317993164
Alaria esculenta,-5.32628393173218,51.6516151428223
Alaria esculenta,-9.4384126663208,51.4245376586914
Alaria esculenta,-9.4384126663208,51.4245376586914
Alaria esculenta,-4.6682391166687,52.74755859375
Alaria esculenta,-6.39398813247681,52.1414031982422
Alaria esculenta,-2.18137288093567,60.0545883178711
Alaria esculenta,-9.34540176391602,53.1332168579102
Alaria esculenta,-6.01505184173584,56.0374183654785
Alaria esculenta,-4.17592191696167,54.7354125976562
Alaria esculenta,-4.6682391166687,52.74755859375
Alaria esculenta,-4.17592191696167,54.7354125976562
Alaria esculenta,-6.01505184173584,56.0374183654785
Alaria esculenta,-4.71669816970825,51.1276817321777
Alaria esculenta,-2.18137288093567,60.0545883178711
Alaria esculenta,-6.39398813247681,52.1414031982422
Alaria esculenta,-9.4384126663208,51.4245376586914
Alaria esculenta,-6.39398813247681,52.1414031982422
Alaria esculenta,-4.6682391166687,52.74755859375
Alaria esculenta,-9.34540176391602,53.1332168579102
Alaria esculenta,-2.18137288093567,60.0545883178711
Alaria esculenta,-4.71669816970825,51.1276817321777
Alaria esculenta,-4.6682391166687,52.74755859375
Alaria esculenta,-9.34540176391602,53.1332168579102
Alaria esculenta,-6.01505184173584,56.0374183654785
Alaria esculenta,-9.34540176391602,53.1332168579102
Alaria esculenta,-4.6682391166687,52.74755859375
Alaria esculenta,-5.20721292495728,49.9458084106445
Alaria esculenta,-2.18137288093567,60.0545883178711
Alaria esculenta,-3.37867593765259,58.610538482666
Alaria esculenta,-4.6682391166687,52.74755859375
Alaria esculenta,-6.26953887939453,55.2846298217773
Alaria esculenta,-6.31137609481812,49.8199806213379
Alaria esculenta,-6.44997310638428,49.8147315979004
Alaria esculenta,-7.25814390182495,58.0602836608887
Alaria esculenta,-6.26953887939453,55.2846298217773
Alaria esculenta,-6.31137609481812,49.8199806213379
Alaria esculenta,-6.44997310638428,49.8147315979004
Alaria esculenta,-6.31137609481812,49.8199806213379
Alaria esculenta,-6.26953887939453,55.2846298217773
Alaria esculenta,-2.18137288093567,60.0545883178711
Alaria esculenta,-6.26953887939453,55.2846298217773
Alaria esculenta,-2.18137288093567,60.0545883178711
Alaria esculenta,-6.26953887939453,55.2846298217773
Alaria esculenta,-2.18137288093567,60.0545883178711
Alaria esculenta,-5.98732614517212,55.7685317993164
Alaria esculenta,-5.64537477493286,57.2177352905273
Alaria esculenta,-4.71669816970825,51.1276817321777
Alaria esculenta,-1.46162700653076,60.1434097290039
Alaria esculenta,-4.84059000015259,55.3509483337402
Alaria esculenta,-5.33950805664062,51.8311309814453
Alaria esculenta,-5.98732614517212,55.7685317993164
Alaria esculenta,-5.33950805664062,51.8311309814453
Alaria esculenta,-9.34540176391602,53.1332168579102
Alaria esculenta,-5.33950805664062,51.8311309814453
Alaria esculenta,-9.34540176391602,53.1332168579102
Alaria esculenta,-5.33950805664062,51.8311309814453
Alaria esculenta,-5.32628393173218,51.6516151428223
Alaria esculenta,-2.18137288093567,60.0545883178711
Alaria esculenta,-5.18197011947632,51.6556167602539
Alaria esculenta,-6.44368886947632,55.5729484558105
Alaria esculenta,-5.32628393173218,51.6516151428223
Alaria esculenta,-2.18137288093567,60.0545883178711
Alaria esculenta,-6.44933700561523,57.0118942260742
Alaria esculenta,-6.44368886947632,55.5729484558105
Alaria esculenta,-6.44933700561523,57.0118942260742
Alaria esculenta,-2.18137288093567,60.0545883178711
Alaria esculenta,-5.10283422470093,50.4883995056152
Alaria esculenta,-4.17592191696167,54.7354125976562
Alaria esculenta,-3.55006098747253,50.429515838623
Alaria esculenta,-5.19462203979492,51.8351593017578
Alaria esculenta,-5.35259580612183,50.0316581726074
Alaria esculenta,-5.33950805664062,51.8311309814453
Alaria esculenta,-5.48609685897827,55.5140495300293
Alaria esculenta,-5.10283422470093,50.4883995056152
Alaria esculenta,-6.94533205032349,58.2527732849121
Alaria esculenta,-2.18137288093567,60.0545883178711
Alaria esculenta,-5.32628393173218,51.6516151428223
Alaria esculenta,-2.18137288093567,60.0545883178711
Alaria esculenta,-5.32628393173218,51.6516151428223
Alaria esculenta,-2.18137288093567,60.0545883178711
Alaria esculenta,-2.64460492134094,56.1010856628418
Alaria esculenta,-2.18137288093567,60.0545883178711
Alaria esculenta,-2.64460492134094,56.1010856628418
Alaria esculenta,-1.46162700653076,60.1434097290039
Alaria esculenta,-2.64460492134094,56.1010856628418
Alaria esculenta,-2.18137288093567,60.0545883178711
Alaria esculenta,-2.64460492134094,56.1010856628418
Alaria esculenta,-2.18137288093567,60.0545883178711
Alaria esculenta,-2.64460492134094,56.1010856628418
Alaria esculenta,-2.18137288093567,60.0545883178711
Alaria esculenta,-2.64460492134094,56.1010856628418
Alaria esculenta,-2.18137288093567,60.0545883178711
Alaria esculenta,-2.64460492134094,56.1010856628418
Alaria esculenta,-1.46598494052887,59.8740539550781
Alaria esculenta,-6.94533205032349,58.2527732849121
Alaria esculenta,-5.26112985610962,58.4866714477539
Alaria esculenta,-2.64460492134094,56.1010856628418
Alaria esculenta,-4.81620407104492,52.7441368103027
Alaria esculenta,-2.64460492134094,56.1010856628418
Alaria esculenta,-2.70294809341431,59.2446632385254
Alaria esculenta,22.0594997406006,78.6313018798828
Alaria esculenta,-2.23936200141907,49.7019805908203
Alaria esculenta,-2.64460492134094,56.1010856628418
Alaria esculenta,-1.46598494052887,59.8740539550781
Alaria esculenta,-2.64460492134094,56.1010856628418
Alaria esculenta,-1.46598494052887,59.8740539550781
Alaria esculenta,-2.64460492134094,56.1010856628418
Alaria esculenta,-5.26112985610962,58.4866714477539
Alaria esculenta,-2.64460492134094,56.1010856628418
Alaria esculenta,-1.46598494052887,59.8740539550781
Alaria esculenta,-2.64460492134094,56.1010856628418
Alaria esculenta,-1.46598494052887,59.8740539550781
Alaria esculenta,22.0594997406006,78.6313018798828
Alaria esculenta,-1.46598494052887,59.8740539550781
Alaria esculenta,-5.20721292495728,49.9458084106445
Alaria esculenta,-5.77059507369995,50.0188102722168
Alaria esculenta,-5.35259580612183,50.0316581726074
Alaria esculenta,-1.46598494052887,59.8740539550781
Alaria esculenta,-6.94533205032349,58.2527732849121
Alaria esculenta,-1.46598494052887,59.8740539550781
Alaria esculenta,-5.18197011947632,51.6556167602539
Alaria esculenta,-1.46598494052887,59.8740539550781
Alaria esculenta,22.0594997406006,78.6313018798828
Alaria esculenta,-1.46598494052887,59.8740539550781
Alaria esculenta,22.0594997406006,78.6313018798828
Alaria esculenta,-1.46598494052887,59.8740539550781
Alaria esculenta,22.0594997406006,78.6313018798828
Alaria esculenta,-1.46598494052887,59.8740539550781
Alaria esculenta,22.0594997406006,78.6313018798828
Alaria esculenta,-4.38964414596558,50.3253479003906
Alaria esculenta,22.0594997406006,78.6313018798828
Alaria esculenta,-4.81620407104492,52.7441368103027
Alaria esculenta,-6.31937980651855,49.9096641540527
Alaria esculenta,-4.81620407104492,52.7441368103027
Alaria esculenta,-3.51214003562927,57.7107429504395
Alaria esculenta,-4.81620407104492,52.7441368103027
Alaria esculenta,-1.63872504234314,60.4133720397949
Alaria esculenta,-4.81620407104492,52.7441368103027
Alaria esculenta,-5.18197011947632,51.6556167602539
Alaria esculenta,-4.81620407104492,52.7441368103027
Alaria esculenta,-7.52849292755127,55.2959823608398
Alaria esculenta,-4.81620407104492,52.7441368103027
Alaria esculenta,-7.52849292755127,55.2959823608398
Alaria esculenta,-4.81620407104492,52.7441368103027
Alaria esculenta,-7.52849292755127,55.2959823608398
Alaria esculenta,-4.81620407104492,52.7441368103027
Alaria esculenta,-7.52849292755127,55.2959823608398
Alaria esculenta,-4.81620407104492,52.7441368103027
Alaria esculenta,-16.75,66.25
Alaria esculenta,-4.81620407104492,52.7441368103027
Alaria esculenta,-9.00917339324951,51.5188980102539
Alaria esculenta,-4.81620407104492,52.7441368103027
Alaria esculenta,-6.52590179443359,57.6387596130371
Alaria esculenta,-4.81620407104492,52.7441368103027
Alaria esculenta,-5.32628393173218,51.6516151428223
Alaria esculenta,-4.81620407104492,52.7441368103027
Alaria esculenta,-1.63872504234314,60.4133720397949
Alaria esculenta,-4.81620407104492,52.7441368103027
Alaria esculenta,-6.71611881256104,57.8116989135742
Alaria esculenta,-4.81620407104492,52.7441368103027
Alaria esculenta,-5.35259580612183,50.0316581726074
Alaria esculenta,-5.62197399139404,51.7328071594238
Alaria esculenta,-3.03451108932495,58.6137657165527
Alaria esculenta,-4.81620407104492,52.7441368103027
Alaria esculenta,-5.35259580612183,50.0316581726074
Alaria esculenta,-4.81620407104492,52.7441368103027
Alaria esculenta,-5.18197011947632,51.6556167602539
Alaria esculenta,-4.81620407104492,52.7441368103027
Alaria esculenta,-23.6200008392334,64.7300033569336
Alaria esculenta,-4.81620407104492,52.7441368103027
Alaria esculenta,-5.06804418563843,49.949577331543
Alaria esculenta,-4.81620407104492,52.7441368103027
Alaria esculenta,-5.35259580612183,50.0316581726074
Alaria esculenta,-4.81620407104492,52.7441368103027
Alaria esculenta,-5.48609685897827,55.5140495300293
Alaria esculenta,-2.18137288093567,60.0545883178711
Alaria esculenta,-1.46308898925781,60.0536270141602
Alaria esculenta,-3.22551608085632,59.1509780883789
Alaria esculenta,-5.18197011947632,51.6556167602539
Alaria esculenta,-6.31937980651855,49.9096641540527
Alaria esculenta,-6.61347103118896,57.0059432983398
Alaria esculenta,-4.48076105117798,54.6396636962891
Alaria esculenta,-23.7999992370605,64.7200012207031
Alaria esculenta,-4.48076105117798,54.6396636962891
Alaria esculenta,-5.18197011947632,51.6556167602539
Alaria esculenta,-4.48076105117798,54.6396636962891
Alaria esculenta,-4.10491418838501,50.240909576416
Alaria esculenta,-5.47818183898926,55.4243621826172
Alaria esculenta,-5.32628393173218,51.6516151428223
Alaria esculenta,-3.72275495529175,58.606388092041
Alaria esculenta,-5.18197011947632,51.6556167602539
Alaria esculenta,-1.27365303039551,60.5016708374023
Alaria esculenta,-10.1322031021118,53.9305114746094
Alaria esculenta,-4.80006122589111,50.1362724304199
Alaria esculenta,-5.32628393173218,51.6516151428223
Alaria esculenta,-5.83712911605835,55.8632431030273
Alaria esculenta,-16.75,66.25
Alaria esculenta,-5.83712911605835,55.8632431030273
Alaria esculenta,-16.75,66.25
Alaria esculenta,-3.22551608085632,59.1509780883789
Alaria esculenta,-6.61347103118896,57.0059432983398
Alaria esculenta,-1.63772702217102,60.5031547546387
Alaria esculenta,-10.1322031021118,53.9305114746094
Alaria esculenta,-5.83712911605835,55.8632431030273
Alaria esculenta,-16.75,66.25
Alaria esculenta,-4.02071905136108,54.7381019592285
Alaria esculenta,-10.1322031021118,53.9305114746094
Alaria esculenta,-3.22551608085632,59.1509780883789
Alaria esculenta,-16.75,66.25
Alaria esculenta,-5.83712911605835,55.8632431030273
Alaria esculenta,-5.32628393173218,51.6516151428223
Alaria esculenta,-5.83712911605835,55.8632431030273
Alaria esculenta,-5.32628393173218,51.6516151428223
Alaria esculenta,-5.83712911605835,55.8632431030273
Alaria esculenta,-6.61347103118896,57.0059432983398
Alaria esculenta,-5.83712911605835,55.8632431030273
Alaria esculenta,-5.20740795135498,52.0146942138672
Alaria esculenta,-3.22551608085632,59.1509780883789
Alaria esculenta,-16.75,66.25
Alaria esculenta,-5.83712911605835,55.8632431030273
Alaria esculenta,-16.75,66.25
Alaria esculenta,-5.83712911605835,55.8632431030273
Alaria esculenta,-23.0300006866455,64.7200012207031
Alaria esculenta,-3.22551608085632,59.1509780883789
Alaria esculenta,-5.20740795135498,52.0146942138672
Alaria esculenta,-6.45385313034058,55.6625328063965
Alaria esculenta,-5.18197011947632,51.6556167602539
Alaria esculenta,-5.83712911605835,55.8632431030273
Alaria esculenta,-5.18197011947632,51.6556167602539
Alaria esculenta,-5.83712911605835,55.8632431030273
Alaria esculenta,-5.32628393173218,51.6516151428223
Alaria esculenta,-6.45385313034058,55.6625328063965
Alaria esculenta,-5.32628393173218,51.6516151428223
Alaria esculenta,-4.39196014404297,53.1131134033203
Alaria esculenta,-4.90042400360107,54.0009727478027
Alaria esculenta,-4.99131298065186,55.2574462890625
Alaria esculenta,-1.46162700653076,60.1434097290039
Alaria esculenta,-6.45385313034058,55.6625328063965
Alaria esculenta,-4.75995016098022,54.1840972900391
Alaria esculenta,5.63006210327148,59.2683601379395
Alaria esculenta,-9.4384126663208,51.4245376586914
Alaria esculenta,-6.45385313034058,55.6625328063965
Alaria esculenta,-17.1666698455811,66.1999969482422
Alaria esculenta,-1.63772702217102,60.5031547546387
Alaria esculenta,-5.32628393173218,51.6516151428223
Alaria esculenta,-1.63772702217102,60.5031547546387
Alaria esculenta,-17.1666698455811,66.1999969482422
Alaria esculenta,-1.46308898925781,60.0536270141602
Alaria esculenta,-9.4384126663208,51.4245376586914
Alaria esculenta,-2.8759241104126,59.15380859375
Alaria esculenta,-17.1666698455811,66.1999969482422
Alaria esculenta,-5.20721292495728,49.9458084106445
Alaria esculenta,-5.32628393173218,51.6516151428223
Alaria esculenta,-1.46308898925781,60.0536270141602
Alaria esculenta,-17.1666698455811,66.1999969482422
Alaria esculenta,-5.20721292495728,49.9458084106445
Alaria esculenta,-5.18197011947632,51.6556167602539
Alaria esculenta,-2.8759241104126,59.15380859375
Alaria esculenta,-5.32628393173218,51.6516151428223
Alaria esculenta,-2.8759241104126,59.15380859375
Alaria esculenta,-17.1666698455811,66.1999969482422
Alaria esculenta,-1.63772702217102,60.5031547546387
Alaria esculenta,-17.1666698455811,66.1999969482422
Alaria esculenta,-2.8759241104126,59.15380859375
Alaria esculenta,-23.6499996185303,64.7300033569336
Alaria esculenta,-1.46308898925781,60.0536270141602
Alaria esculenta,-9.4384126663208,51.4245376586914
Alaria esculenta,-4.38067197799683,50.1456336975098
Alaria esculenta,-5.28329610824585,54.9802055358887
Alaria esculenta,-4.38067197799683,50.1456336975098
Alaria esculenta,-22.8999996185303,64.7799987792969
Alaria esculenta,-2.8759241104126,59.15380859375
Alaria esculenta,-23.6000003814697,64.7600021362305
Alaria esculenta,-5.77401876449585,56.8542823791504
Alaria esculenta,-23.6000003814697,64.75
Alaria esculenta,-1.46454203128815,59.9638404846191
Alaria esculenta,-23.7999992370605,64.9199981689453
Alaria esculenta,-1.46454203128815,59.9638404846191
Alaria esculenta,-23.9300003051758,64.9000015258789
Alaria esculenta,-5.34617185592651,51.9208869934082
Alaria esculenta,-5.54934787750244,57.9396476745605
Alaria esculenta,-5.08201694488525,58.4012336730957
Alaria esculenta,-5.20721292495728,49.9458084106445
Alaria esculenta,-1.46454203128815,59.9638404846191
Alaria esculenta,-5.20721292495728,49.9458084106445
Alaria esculenta,-5.34617185592651,51.9208869934082
Alaria esculenta,-8.31002712249756,54.5778884887695
Alaria esculenta,-3.69672894477844,58.0677490234375
Alaria esculenta,-5.32628393173218,51.6516151428223
Alaria esculenta,-5.08201694488525,58.4012336730957
Alaria esculenta,-2.86685490608215,58.7946319580078
Alaria esculenta,-5.08201694488525,58.4012336730957
Alaria esculenta,-5.32628393173218,51.6516151428223
Alaria esculenta,-5.08201694488525,58.4012336730957
Alaria esculenta,-5.32628393173218,51.6516151428223
Alaria esculenta,-1.10398995876312,60.0516815185547
Alaria esculenta,-5.20721292495728,49.9458084106445
Alaria esculenta,-1.46454203128815,59.9638404846191
Alaria esculenta,-1.46308898925781,60.0536270141602
Alaria esculenta,-1.46454203128815,59.9638404846191
Alaria esculenta,-4.88753414154053,51.5732955932617
Alaria esculenta,-2.18186807632446,60.1443786621094
Alaria esculenta,-5.20721292495728,49.9458084106445
Alaria esculenta,-6.25443983078003,56.7488784790039
Alaria esculenta,-5.20721292495728,49.9458084106445
Alaria esculenta,-4.54652309417725,53.1998176574707
Alaria esculenta,-5.48609685897827,55.5140495300293
Alaria esculenta,-6.25443983078003,56.7488784790039
Alaria esculenta,-5.20721292495728,49.9458084106445
Alaria esculenta,-4.70739316940308,53.3761024475098
Alaria esculenta,-9.4384126663208,51.4245376586914
Alaria esculenta,-2.18186807632446,60.1443786621094
Alaria esculenta,-9.4384126663208,51.4245376586914
Alaria esculenta,-1.82076501846313,60.3239555358887
Alaria esculenta,-5.20721292495728,49.9458084106445
Alaria esculenta,-7.49938201904297,57.4200630187988
Alaria esculenta,-5.20721292495728,49.9458084106445
Alaria esculenta,-6.25443983078003,56.7488784790039
Alaria esculenta,-1.46308898925781,60.0536270141602
Alaria esculenta,-6.25443983078003,56.7488784790039
Alaria esculenta,-5.20721292495728,49.9458084106445
Alaria esculenta,-6.25443983078003,56.7488784790039
Alaria esculenta,-5.20721292495728,49.9458084106445
Alaria esculenta,-7.49938201904297,57.4200630187988
Alaria esculenta,-5.20721292495728,49.9458084106445
Alaria esculenta,-6.47435522079468,55.8416862487793
Alaria esculenta,-5.20721292495728,49.9458084106445
Alaria esculenta,-4.52024412155151,52.7507972717285
Alaria esculenta,-5.71201992034912,56.2267532348633
Alaria esculenta,-6.48176622390747,57.2805671691895
Alaria esculenta,-6.44368886947632,55.5729484558105
Alaria esculenta,-5.25283718109131,58.3970069885254
Alaria esculenta,-6.32510423660278,55.9369773864746
Alaria esculenta,-6.26579523086548,58.2773094177246
Alaria esculenta,-4.48076105117798,54.6396636962891
Alaria esculenta,-6.61229610443115,55.6566696166992
Alaria esculenta,-5.71201992034912,56.2267532348633
Alaria esculenta,-1.08402705192566,60.7698669433594
Alaria esculenta,-5.0977840423584,58.5805931091309
Alaria esculenta,-4.71669816970825,51.1276817321777
Alaria esculenta,-5.32628393173218,51.6516151428223
Alaria esculenta,-6.45823287963867,49.9043998718262
Alaria esculenta,-1.46308898925781,60.0536270141602
Alaria esculenta,-2.18186807632446,60.1443786621094
Alaria esculenta,-5.20721292495728,49.9458084106445
Alaria esculenta,-7.73296499252319,56.7795028686523
Alaria esculenta,-6.42685317993164,55.2867584228516
Alaria esculenta,-2.18186807632446,60.1443786621094
Alaria esculenta,-5.71201992034912,56.2267532348633
Alaria esculenta,-1.64836394786835,59.5154876708984
Alaria esculenta,-6.44368886947632,55.5729484558105
Alaria esculenta,-8.55630588531494,57.7296028137207
Alaria esculenta,-6.26461410522461,56.8384666442871
Alaria esculenta,-5.25283718109131,58.3970069885254
Alaria esculenta,-10.1460475921631,54.1998405456543
Alaria esculenta,-5.25283718109131,58.3970069885254
Alaria esculenta,-5.32628393173218,51.6516151428223
Alaria esculenta,-1.82076501846313,60.3239555358887
Alaria esculenta,-5.32628393173218,51.6516151428223
Alaria esculenta,-6.45823287963867,49.9043998718262
Alaria esculenta,-6.42685317993164,55.2867584228516
Alaria esculenta,-7.67895221710205,57.5020866394043
Alaria esculenta,-4.54121112823486,53.1100196838379
Alaria esculenta,-7.47264814376831,57.2412300109863
Alaria esculenta,-5.54934787750244,57.9396476745605
Alaria esculenta,-6.8240761756897,57.3578300476074
Alaria esculenta,-5.32628393173218,51.6516151428223
Alaria esculenta,-7.47264814376831,57.2412300109863
Alaria esculenta,-9.78968524932861,53.0374984741211
Alaria esculenta,-5.34325885772705,55.6978530883789
Alaria esculenta,-3.86146402359009,57.9756088256836
Alaria esculenta,-6.45823287963867,49.9043998718262
Alaria esculenta,-7.47264814376831,57.2412300109863
Alaria esculenta,-5.25283718109131,58.3970069885254
Alaria esculenta,-3.86146402359009,57.9756088256836
Alaria esculenta,-7.73296499252319,56.7795028686523
Alaria esculenta,-5.32628393173218,51.6516151428223
Alaria esculenta,-1.64836394786835,59.5154876708984
Alaria esculenta,-7.47264814376831,57.2412300109863
Alaria esculenta,-1.64836394786835,59.5154876708984
Alaria esculenta,-5.32628393173218,51.6516151428223
Alaria esculenta,-1.64836394786835,59.5154876708984
Alaria esculenta,-9.79341411590576,53.127311706543
Alaria esculenta,-1.64836394786835,59.5154876708984
Alaria esculenta,-9.78968524932861,53.0374984741211
Alaria esculenta,-4.71669816970825,51.1276817321777
Alaria esculenta,-3.86146402359009,57.9756088256836
Alaria esculenta,-3.04254508018494,58.8831443786621
Alaria esculenta,-6.19461107254028,56.2113075256348
Alaria esculenta,-8.55630588531494,57.7296028137207
Alaria esculenta,-5.94706010818481,56.9388465881348
Alaria esculenta,-4.71669816970825,51.1276817321777
Alaria esculenta,-6.622878074646,55.7462272644043
Alaria esculenta,-7.10215902328491,58.1566200256348
Alaria esculenta,-2.96607303619385,56.098991394043
Alaria esculenta,-5.25283718109131,58.3970069885254
Alaria esculenta,-5.18197011947632,51.6556167602539
Alaria esculenta,-6.45823287963867,49.9043998718262
Alaria esculenta,-3.69672894477844,58.0677490234375
Alaria esculenta,-7.73296499252319,56.7795028686523
Alaria esculenta,-3.69672894477844,58.0677490234375
Alaria esculenta,-5.25283718109131,58.3970069885254
Alaria esculenta,-5.18197011947632,51.6556167602539
Alaria esculenta,-6.45823287963867,49.9043998718262
Alaria esculenta,-5.32628393173218,51.6516151428223
Alaria esculenta,-7.73296499252319,56.7795028686523
Alaria esculenta,-5.32628393173218,51.6516151428223
Alaria esculenta,-4.52024412155151,52.7507972717285
Alaria esculenta,-5.32628393173218,51.6516151428223
Alaria esculenta,-5.25283718109131,58.3970069885254
Alaria esculenta,-5.49196195602417,50.0275421142578
Alaria esculenta,-6.45823287963867,49.9043998718262
Alaria esculenta,-9.79341411590576,53.127311706543
Alaria esculenta,-7.73296499252319,56.7795028686523
Alaria esculenta,-5.18197011947632,51.6556167602539
Alaria esculenta,-6.45823287963867,49.9043998718262
Alaria esculenta,-6.26461410522461,56.8384666442871
Alaria esculenta,-7.73296499252319,56.7795028686523
Alaria esculenta,-5.32628393173218,51.6516151428223
Alaria esculenta,-4.71669816970825,51.1276817321777
Alaria esculenta,-9.48548030853271,52.8619575500488
Alaria esculenta,-6.45823287963867,49.9043998718262
Alaria esculenta,-9.9071216583252,52.3166885375977
Alaria esculenta,-2.18186807632446,60.1443786621094
Alaria esculenta,-5.18197011947632,51.6556167602539
Alaria esculenta,-6.45823287963867,49.9043998718262
Alaria esculenta,-9.9071216583252,52.3166885375977
Alaria esculenta,-6.45823287963867,49.9043998718262
Alaria esculenta,-5.14132976531982,55.1637725830078
Alaria esculenta,-6.45823287963867,49.9043998718262
Alaria esculenta,-7.25814390182495,58.0602836608887
Alaria esculenta,-6.45823287963867,49.9043998718262
Alaria esculenta,-5.14132976531982,55.1637725830078
Alaria esculenta,-4.71669816970825,51.1276817321777
Alaria esculenta,-5.14132976531982,55.1637725830078
Alaria esculenta,-4.71669816970825,51.1276817321777
Alaria esculenta,-6.47089290618896,57.1910133361816
Alaria esculenta,-2.18186807632446,60.1443786621094
Alaria esculenta,-4.90668678283691,54.0907325744629
Alaria esculenta,-3.55872893333435,58.7881278991699
Alaria esculenta,-5.14132976531982,55.1637725830078
Alaria esculenta,-4.71669816970825,51.1276817321777
Alaria esculenta,-5.14132976531982,55.1637725830078
Alaria esculenta,-1.82076501846313,60.3239555358887
Alaria esculenta,-7.25814390182495,58.0602836608887
Alaria esculenta,-1.82076501846313,60.3239555358887
Alaria esculenta,-5.32628393173218,51.6516151428223
Alaria esculenta,-1.82076501846313,60.3239555358887
Alaria esculenta,-2.96607303619385,56.098991394043
Alaria esculenta,-0.909630000591278,60.499195098877
Alaria esculenta,-5.32628393173218,51.6516151428223
Alaria esculenta,-7.58343315124512,56.8763160705566
Alaria esculenta,-1.10398995876312,60.0516815185547
Alaria esculenta,-1.82076501846313,60.3239555358887
Alaria esculenta,-4.52049207687378,50.1426811218262
Alaria esculenta,-7.58343315124512,56.8763160705566
Alaria esculenta,-8.55630588531494,57.7296028137207
Alaria esculenta,-1.82076501846313,60.3239555358887
Alaria esculenta,-10.4781560897827,52.0364227294922
Alaria esculenta,-7.58343315124512,56.8763160705566
Alaria esculenta,-10.4781560897827,52.0364227294922
Alaria esculenta,-2.52627491950989,59.1556930541992
Alaria esculenta,-6.43865299224854,56.9223327636719
Alaria esculenta,-2.64460492134094,56.1010856628418
Alaria esculenta,-6.68866777420044,52.05517578125
Alaria esculenta,-8.57256507873535,57.8188323974609
Alaria esculenta,-5.32628393173218,51.6516151428223
Alaria esculenta,-1.10398995876312,60.0516815185547
Alaria esculenta,-2.96607303619385,56.098991394043
Alaria esculenta,-6.64708614349365,57.2745513916016
Alaria esculenta,-9.94677543640137,53.2147674560547
Alaria esculenta,-3.39299297332764,58.9696578979492
Alaria esculenta,-8.31002712249756,54.5778884887695
Alaria esculenta,-8.73973369598389,57.8100204467773
Alaria esculenta,-7.10215902328491,58.1566200256348
Alaria esculenta,-3.39299297332764,58.9696578979492
Alaria esculenta,-8.55630588531494,57.7296028137207
Alaria esculenta,-1.84264695644379,55.6534271240234
Alaria esculenta,-1.64836394786835,59.5154876708984
Alaria esculenta,-3.39299297332764,58.9696578979492
Alaria esculenta,-2.80722594261169,56.1899795532227
Alaria esculenta,-2.52765893936157,59.245491027832
Alaria esculenta,-6.68866777420044,52.05517578125
Alaria esculenta,-2.52765893936157,59.245491027832
Alaria esculenta,-5.32628393173218,51.6516151428223
Alaria esculenta,-3.39299297332764,58.9696578979492
Alaria esculenta,-9.59150505065918,51.692211151123
Alaria esculenta,-3.39299297332764,58.9696578979492
Alaria esculenta,-5.18197011947632,51.6556167602539
Alaria esculenta,-3.39299297332764,58.9696578979492
Alaria esculenta,-6.76607513427734,56.9102516174316
Alaria esculenta,-3.39299297332764,58.9696578979492
Alaria esculenta,-2.16128611564636,49.7291984558105
Alaria esculenta,-1.10398995876312,60.0516815185547
Alaria esculenta,-6.68866777420044,52.05517578125
Alaria esculenta,-4.70171022415161,53.2863159179688
Alaria esculenta,-8.55630588531494,57.7296028137207
Alaria esculenta,-4.70171022415161,53.2863159179688
Alaria esculenta,-2.80722594261169,56.1899795532227
Alaria esculenta,-4.70171022415161,53.2863159179688
Alaria esculenta,-9.59150505065918,51.692211151123
Alaria esculenta,-5.18441295623779,55.7020797729492
Alaria esculenta,-6.45385313034058,55.6625328063965
Alaria esculenta,-1.10398995876312,60.0516815185547
Alaria esculenta,-4.99131298065186,55.2574462890625
Alaria esculenta,-1.10398995876312,60.0516815185547
Alaria esculenta,-4.39196014404297,53.1131134033203
Alaria esculenta,-1.10398995876312,60.0516815185547
Alaria esculenta,-6.45385313034058,55.6625328063965
Alaria esculenta,-1.10398995876312,60.0516815185547
Alaria esculenta,-9.59150505065918,51.692211151123
Alaria esculenta,-1.10398995876312,60.0516815185547
Alaria esculenta,-5.32628393173218,51.6516151428223
Alaria esculenta,-1.10398995876312,60.0516815185547
Alaria esculenta,-5.32628393173218,51.6516151428223
Alaria esculenta,-2.18186807632446,60.1443786621094
Alaria esculenta,-9.96740913391113,53.6637496948242
Alaria esculenta,-1.10398995876312,60.0516815185547
Alaria esculenta,-5.32628393173218,51.6516151428223
Alaria esculenta,-5.18441295623779,55.7020797729492
Alaria esculenta,-5.32628393173218,51.6516151428223
Alaria esculenta,-2.18186807632446,60.1443786621094
Alaria esculenta,-1.82125496864319,60.2341728210449
Alaria esculenta,-0.912635028362274,60.4094276428223
Alaria esculenta,-5.18197011947632,51.6556167602539
Alaria esculenta,-2.70110511779785,59.1548690795898
Alaria esculenta,-5.18197011947632,51.6556167602539
Alaria esculenta,-0.912635028362274,60.4094276428223
Alaria esculenta,-5.32628393173218,51.6516151428223
Alaria esculenta,-2.64460492134094,56.1010856628418
Alaria esculenta,-5.18197011947632,51.6556167602539
Alaria esculenta,-2.70110511779785,59.1548690795898
Alaria esculenta,-5.32628393173218,51.6516151428223
Alaria esculenta,-0.912635028362274,60.4094276428223
Alaria esculenta,-5.32628393173218,51.6516151428223
Alaria esculenta,-2.70110511779785,59.1548690795898
Alaria esculenta,-5.32628393173218,51.6516151428223
Alaria esculenta,-2.70110511779785,59.1548690795898
Alaria esculenta,-70.8300018310547,41.3499984741211
Alaria esculenta,-2.70110511779785,59.1548690795898
Alaria esculenta,-5.84337711334229,59.0998382568359
Alaria esculenta,-2.70110511779785,59.1548690795898
Alaria esculenta,-70.8300018310547,41.3499984741211
Alaria esculenta,-2.70110511779785,59.1548690795898
Alaria esculenta,-5.32628393173218,51.6516151428223
Alaria esculenta,-3.03985095024109,58.7933540344238
Alaria esculenta,-9.79341411590576,53.127311706543
Alaria esculenta,-1.10398995876312,60.0516815185547
Alaria esculenta,-5.32628393173218,51.6516151428223
Alaria esculenta,-5.07952404022217,50.1291923522949
Alaria esculenta,-5.32628393173218,51.6516151428223
Alaria esculenta,-3.03985095024109,58.7933540344238
Alaria esculenta,-8.14565753936768,51.7927703857422
Alaria esculenta,-5.68739604949951,51.6802139282227
Alaria esculenta,-5.32628393173218,51.6516151428223
Alaria esculenta,-3.03985095024109,58.7933540344238
Alaria esculenta,-5.18197011947632,51.6556167602539
Alaria esculenta,-2.70110511779785,59.1548690795898
Alaria esculenta,-5.32628393173218,51.6516151428223
Alaria esculenta,-2.70110511779785,59.1548690795898
Alaria esculenta,-5.56776094436646,56.4108238220215
Alaria esculenta,-6.38054180145264,57.8237571716309
Alaria esculenta,-3.05626893043518,59.3320808410645
Alaria esculenta,-2.70110511779785,59.1548690795898
Alaria esculenta,-6.71611881256104,57.8116989135742
Alaria esculenta,-3.03985095024109,58.7933540344238
Alaria esculenta,-9.7749662399292,52.6782455444336
Alaria esculenta,-0.912635028362274,60.4094276428223
Alaria esculenta,-6.61344718933105,57.0059204101562
Alaria esculenta,-3.03985095024109,58.7933540344238
Alaria esculenta,-5.18197011947632,51.6556167602539
Alaria esculenta,-4.20605278015137,52.3973999023438
Alaria esculenta,-5.26871919631958,54.8007698059082
Alaria esculenta,-3.39299297332764,58.9696578979492
Alaria esculenta,-4.81620407104492,52.7441368103027
Alaria esculenta,-3.39299297332764,58.9696578979492
Alaria esculenta,-4.81620407104492,52.7441368103027
Alaria esculenta,-2.64460492134094,56.1010856628418
Alaria esculenta,-5.32628393173218,51.6516151428223
Alaria esculenta,-2.18186807632446,60.1443786621094
Alaria esculenta,-5.18197011947632,51.6556167602539
Alaria esculenta,-2.18137288093567,60.0545883178711
Alaria esculenta,-4.90042400360107,54.0009727478027
Alaria esculenta,-5.77059507369995,50.0188102722168
Alaria esculenta,-5.18197011947632,51.6556167602539
Alaria esculenta,-2.18186807632446,60.1443786621094
Alaria esculenta,-8.57256507873535,57.8188323974609
Alaria esculenta,-5.77059507369995,50.0188102722168
Alaria esculenta,-5.61945676803589,55.2404174804688
Alaria esculenta,-2.64460492134094,56.1010856628418
Alaria esculenta,-4.81620407104492,52.7441368103027
Alaria esculenta,-6.31937980651855,49.9096641540527
Alaria esculenta,-5.56776094436646,56.4108238220215
Alaria esculenta,-8.72306823730469,57.7208213806152
Alaria esculenta,-4.81620407104492,52.7441368103027
Alaria esculenta,-8.72306823730469,57.7208213806152
Alaria esculenta,-4.81620407104492,52.7441368103027
Alaria esculenta,-5.4843602180481,51.8269233703613
Alaria esculenta,-4.90042400360107,54.0009727478027
Alaria esculenta,-6.48176622390747,57.2805671691895
Alaria esculenta,-5.32628393173218,51.6516151428223
Alaria esculenta,-8.72306823730469,57.7208213806152
Alaria esculenta,-9.79341411590576,53.127311706543
Alaria esculenta,-7.59684085845947,56.9657211303711
Alaria esculenta,-5.83712911605835,55.8632431030273
Alaria esculenta,-5.4843602180481,51.8269233703613
Alaria esculenta,-5.83712911605835,55.8632431030273
Alaria esculenta,-2.64460492134094,56.1010856628418
Alaria esculenta,-5.32628393173218,51.6516151428223
Alaria esculenta,-8.72306823730469,57.7208213806152
Alaria esculenta,-5.56776094436646,56.4108238220215
Alaria esculenta,-8.72306823730469,57.7208213806152
Alaria esculenta,-4.90042400360107,54.0009727478027
Alaria esculenta,-4.67927694320679,52.9271507263184
Alaria esculenta,-3.05626893043518,59.3320808410645
Alaria esculenta,-5.94706010818481,56.9388465881348
Alaria esculenta,-7.41329193115234,57.9637718200684
Alaria esculenta,-2.18186807632446,60.1443786621094
Alaria esculenta,-9.7749662399292,52.6782455444336
Alaria esculenta,-6.622878074646,55.7462272644043
Alaria esculenta,-8.00072479248047,51.7928619384766
Alaria esculenta,-7.59684085845947,56.9657211303711
Alaria esculenta,-0.726900994777679,50.7026824951172
Alaria esculenta,-5.4843602180481,51.8269233703613
Alaria esculenta,-6.43865299224854,56.9223327636719
Alaria esculenta,-5.4843602180481,51.8269233703613
Alaria esculenta,-2.88054299354553,59.3333854675293
Alaria esculenta,-5.4843602180481,51.8269233703613
Alaria esculenta,-2.88054299354553,59.3333854675293
Alaria esculenta,-5.4843602180481,51.8269233703613
Alaria esculenta,-7.10215902328491,58.1566200256348
Alaria esculenta,-2.64460492134094,56.1010856628418
Alaria esculenta,-7.10215902328491,58.1566200256348
Alaria esculenta,-5.4843602180481,51.8269233703613
Alaria esculenta,-7.10215902328491,58.1566200256348
Alaria esculenta,-2.64460492134094,56.1010856628418
Alaria esculenta,-7.10215902328491,58.1566200256348
Alaria esculenta,-4.70739316940308,53.3761024475098
Alaria esculenta,-6.21432495117188,56.3905067443848
Alaria esculenta,-4.67927694320679,52.9271507263184
Alaria esculenta,-2.16159749031067,55.9229698181152
Alaria esculenta,-5.0186071395874,55.6163749694824
Alaria esculenta,-9.91879844665527,52.5861282348633
Alaria esculenta,-2.64460492134094,56.1010856628418
Alaria esculenta,-2.1608190536499,49.7254791259766
Alaria esculenta,-4.69605588912964,53.1965255737305
Alaria esculenta,-8.00072479248047,51.7928619384766
Alaria esculenta,-2.18186807632446,60.1443786621094
Alaria esculenta,-9.91879844665527,52.5861282348633
Alaria esculenta,-4.69605588912964,53.1965255737305
Alaria esculenta,-9.7749662399292,52.6782455444336
Alaria esculenta,-2.18186807632446,60.1443786621094
Alaria esculenta,-4.6682391166687,52.74755859375
Alaria esculenta,-4.82201290130615,52.8339233398438
Alaria esculenta,-9.7749662399292,52.6782455444336
Alaria esculenta,-4.82201290130615,52.8339233398438
Alaria esculenta,-9.29468536376953,51.426212310791
Alaria esculenta,-4.82201290130615,52.8339233398438
Alaria esculenta,-3.03717303276062,58.7035598754883
Alaria esculenta,-4.82201290130615,52.8339233398438
Alaria esculenta,-9.29468536376953,51.426212310791
Alaria esculenta,-2.64460492134094,56.1010856628418
Alaria esculenta,-6.94533205032349,58.2527732849121
Alaria esculenta,-1.45718502998352,60.4127578735352
Alaria esculenta,-9.29468536376953,51.426212310791
Alaria esculenta,-6.31937980651855,49.9096641540527
Alaria esculenta,-9.29468536376953,51.426212310791
Alaria esculenta,-2.64460492134094,56.1010856628418
Alaria esculenta,-9.29468536376953,51.426212310791
Alaria esculenta,-6.31937980651855,49.9096641540527
Alaria esculenta,-9.29468536376953,51.426212310791
Alaria esculenta,-6.44997310638428,49.8147315979004
Alaria esculenta,-5.17569208145142,51.5658416748047
Alaria esculenta,-2.18186807632446,60.1443786621094
Alaria esculenta,-6.61344718933105,57.0059204101562
Alaria esculenta,-6.44997310638428,49.8147315979004
Alaria esculenta,-6.26579523086548,58.2773094177246
Alaria esculenta,-6.31937980651855,49.9096641540527
Alaria esculenta,-3.05626893043518,59.3320808410645
Alaria esculenta,-6.31937980651855,49.9096641540527
Alaria esculenta,-8.5562915802002,57.7295608520508
Alaria esculenta,-8.73973369598389,57.8100204467773
Alaria esculenta,-6.61229610443115,55.6566696166992
Alaria esculenta,-6.31937980651855,49.9096641540527
Alaria esculenta,-6.61344718933105,57.0059204101562
Alaria esculenta,-2.64611101150513,56.1909255981445
Alaria esculenta,-9.19603252410889,53.1348075866699
Alaria esculenta,-6.35536479949951,56.2057418823242
Alaria esculenta,-5.17569208145142,51.5658416748047
Alaria esculenta,-8.73973369598389,57.8100204467773
Alaria esculenta,-6.61229610443115,55.6566696166992
Alaria esculenta,-1.45718502998352,60.4127578735352
Alaria esculenta,-4.28393220901489,51.047004699707
Alaria esculenta,-2.64611101150513,56.1909255981445
Alaria esculenta,-3.05626893043518,59.3320808410645
Alaria esculenta,-1.82552599906921,59.4260444641113
Alaria esculenta,-5.6148099899292,51.6430778503418
Alaria esculenta,-5.73828506469727,56.4957084655762
Alaria esculenta,-4.28393220901489,51.047004699707
Alaria esculenta,-13.5635280609131,57.5483589172363
Alaria esculenta,-10.3140506744385,51.6801986694336
Alaria esculenta,-2.86910104751587,58.8844261169434
Alaria esculenta,-5.47818183898926,55.4243621826172
Alaria esculenta,-2.52765893936157,59.245491027832
Alaria esculenta,-5.47818183898926,55.4243621826172
Alaria esculenta,-6.44997310638428,49.8147315979004
Alaria esculenta,-4.93980598449707,50.1328163146973
Alaria esculenta,-6.44997310638428,49.8147315979004
Alaria esculenta,-7.02123498916626,56.3603935241699
Alaria esculenta,-5.71201992034912,56.2267532348633
Alaria esculenta,-7.02123498916626,56.3603935241699
Alaria esculenta,-5.33287906646729,51.7413749694824
Alaria esculenta,-6.38054180145264,57.8237571716309
Alaria esculenta,-2.86910104751587,58.8844261169434
Alaria esculenta,-5.03162908554077,51.5696563720703
Alaria esculenta,-7.71932888031006,56.6901168823242
Alaria esculenta,-5.03162908554077,51.5696563720703
Alaria esculenta,-6.44997310638428,49.8147315979004
Alaria esculenta,-5.03162908554077,51.5696563720703
Alaria esculenta,-6.06599998474121,53.1559982299805
Alaria esculenta,-4.69605588912964,53.1965255737305
Alaria esculenta,-6.44997310638428,49.8147315979004
Alaria esculenta,-6.61344718933105,57.0059204101562
Alaria esculenta,-5.93760585784912,56.8492240905762
Alaria esculenta,-5.20740795135498,52.0146942138672
Alaria esculenta,-6.44997310638428,49.8147315979004
Alaria esculenta,-5.03162908554077,51.5696563720703
Alaria esculenta,-6.44997310638428,49.8147315979004
Alaria esculenta,-3.05626893043518,59.3320808410645
Alaria esculenta,-6.44997310638428,49.8147315979004
Alaria esculenta,-4.69605588912964,53.1965255737305
Alaria esculenta,-2.86910104751587,58.8844261169434
Alaria esculenta,-6.61229610443115,55.6566696166992
Alaria esculenta,-6.44997310638428,49.8147315979004
Alaria esculenta,-5.6148099899292,51.6430778503418
Alaria esculenta,-6.44997310638428,49.8147315979004
Alaria esculenta,-5.03162908554077,51.5696563720703
Alaria esculenta,-2.86910104751587,58.8844261169434
Alaria esculenta,-5.03162908554077,51.5696563720703
Alaria esculenta,-6.44997310638428,49.8147315979004
Alaria esculenta,-6.45823287963867,49.9043998718262
Alaria esculenta,-6.44997310638428,49.8147315979004
Alaria esculenta,-2.32848191261292,56.7312202453613
Alaria esculenta,-6.39652919769287,56.5640563964844
Alaria esculenta,-5.03162908554077,51.5696563720703
Alaria esculenta,-5.67769193649292,55.8681182861328
Alaria esculenta,-3.05626893043518,59.3320808410645
Alaria esculenta,-6.44997310638428,49.8147315979004
Alaria esculenta,-6.26579523086548,58.2773094177246
Alaria esculenta,-6.44997310638428,49.8147315979004
Alaria esculenta,-5.19462203979492,51.8351593017578
Alaria esculenta,-5.77764701843262,50.1085548400879
Alaria esculenta,-8.5562915802002,57.7295608520508
Alaria esculenta,-6.44997310638428,49.8147315979004
Alaria esculenta,-8.5562915802002,57.7295608520508
Alaria esculenta,-5.77764701843262,50.1085548400879
Alaria esculenta,-5.6148099899292,51.6430778503418
Alaria esculenta,-6.44997310638428,49.8147315979004
Alaria esculenta,-5.6148099899292,51.6430778503418
Alaria esculenta,-2.18186807632446,60.1443786621094
Alaria esculenta,-14.3833332061768,64.6999969482422
Alaria esculenta,-6.39652919769287,56.5640563964844
Alaria esculenta,-14.0333337783813,64.6999969482422
Alaria esculenta,-6.7089672088623,55.1927452087402
Alaria esculenta,-14.1333332061768,64.6833343505859
Alaria esculenta,-1.27163898944855,60.5914459228516
Alaria esculenta,-14.2333335876465,64.6333312988281
Alaria esculenta,-5.93760585784912,56.8492240905762
Alaria esculenta,-14.0833330154419,64.6999969482422
Alaria esculenta,-6.44997310638428,49.8147315979004
Alaria esculenta,-5.33950805664062,51.8311309814453
Alaria esculenta,-2.52765893936157,59.245491027832
Alaria esculenta,-6.61344718933105,57.0059204101562
Alaria esculenta,-6.61229610443115,55.6566696166992
Alaria esculenta,-4.74341011047363,51.5767555236816
Alaria esculenta,-6.44997310638428,49.8147315979004
Alaria esculenta,-3.05626893043518,59.3320808410645
Alaria esculenta,-1.84264695644379,55.6534271240234
Alaria esculenta,-6.45823287963867,49.9043998718262
Alaria esculenta,-2.18137288093567,60.0545883178711
Alaria esculenta,-14.3666667938232,64.6833343505859
Alaria esculenta,-6.44997310638428,49.8147315979004
Alaria esculenta,-14.0833330154419,64.6999969482422
Alaria esculenta,-5.32045698165894,55.4287490844727
Alaria esculenta,-14.0500001907349,64.6999969482422
Alaria esculenta,-6.61229610443115,55.6566696166992
Alaria esculenta,-14.4166669845581,64.75
Alaria esculenta,4.19067478179932,53.6150779724121
Alaria esculenta,-5.03162908554077,51.5696563720703
Alaria esculenta,-8.73973369598389,57.8100204467773
Alaria esculenta,-6.31937980651855,49.9096641540527
Alaria esculenta,-6.61229610443115,55.6566696166992
Alaria esculenta,-14.1000003814697,64.6833343505859
Alaria esculenta,-5.66923189163208,55.7784538269043
Alaria esculenta,-6.61344718933105,57.0059204101562
Alaria esculenta,-2.18186807632446,60.1443786621094
Alaria esculenta,-2.64611101150513,56.1909255981445
Alaria esculenta,-8.73973369598389,57.8100204467773
Alaria esculenta,-2.64611101150513,56.1909255981445
Alaria esculenta,-2.18186807632446,60.1443786621094
Alaria esculenta,-14.3333330154419,64.6833343505859
Alaria esculenta,-2.87363600730896,59.0640144348145
Alaria esculenta,-8.73973369598389,57.8100204467773
Alaria esculenta,-1.84264695644379,55.6534271240234
Alaria esculenta,-6.61344718933105,57.0059204101562
Alaria esculenta,-2.52765893936157,59.245491027832
Alaria esculenta,-4.69605588912964,53.1965255737305
Alaria esculenta,-5.67769193649292,55.8681182861328
Alaria esculenta,-6.31937980651855,49.9096641540527
Alaria esculenta,-2.87363600730896,59.0640144348145
Alaria esculenta,-5.0186071395874,55.6163749694824
Alaria esculenta,-6.31937980651855,49.9096641540527
Alaria esculenta,-5.0186071395874,55.6163749694824
Alaria esculenta,-13.629810333252,57.6048812866211
Alaria esculenta,-5.0186071395874,55.6163749694824
Alaria esculenta,-2.18186807632446,60.1443786621094
Alaria esculenta,-1.45718502998352,60.4127578735352
Alaria esculenta,-8.73973369598389,57.8100204467773
Alaria esculenta,-9.64067554473877,53.0396461486816
Alaria esculenta,-2.18186807632446,60.1443786621094
Alaria esculenta,-9.9508581161499,53.3045654296875
Alaria esculenta,-1.8250629901886,59.5158424377441
Alaria esculenta,-6.61344718933105,57.0059204101562
Alaria esculenta,-2.18186807632446,60.1443786621094
Alaria esculenta,-3.12678909301758,56.0976295471191
Alaria esculenta,-5.67769193649292,55.8681182861328
Alaria esculenta,-8.57256507873535,57.8188323974609
Alaria esculenta,-13.5635280609131,57.5483589172363
Alaria esculenta,-5.75901794433594,51.638542175293
Alaria esculenta,-6.31937980651855,49.9096641540527
Alaria esculenta,-6.61344718933105,57.0059204101562
Alaria esculenta,-5.16269016265869,55.432933807373
Alaria esculenta,-6.61344718933105,57.0059204101562
Alaria esculenta,-2.18186807632446,60.1443786621094
Alaria esculenta,-6.61344718933105,57.0059204101562
Alaria esculenta,-13.5635280609131,57.5483589172363
Alaria esculenta,-6.61344718933105,57.0059204101562
Alaria esculenta,-2.18186807632446,60.1443786621094
Alaria esculenta,-6.47435522079468,55.8416862487793
Alaria esculenta,-2.18186807632446,60.1443786621094
Alaria esculenta,-6.47435522079468,55.8416862487793
Alaria esculenta,-5.77638387680054,55.2356567382812
Alaria esculenta,-6.61344718933105,57.0059204101562
Alaria esculenta,-2.18186807632446,60.1443786621094
Alaria esculenta,-6.61344718933105,57.0059204101562
Alaria esculenta,-13.5635280609131,57.5483589172363
Alaria esculenta,-8.61524200439453,54.3072204589844
Alaria esculenta,-1.82552599906921,59.4260444641113
Alaria esculenta,-8.61524200439453,54.3072204589844
Alaria esculenta,-2.18186807632446,60.1443786621094
Alaria esculenta,-4.98458480834961,55.1677131652832
Alaria esculenta,-2.18186807632446,60.1443786621094
Alaria esculenta,-8.61524200439453,54.3072204589844
Alaria esculenta,-2.18186807632446,60.1443786621094
Alaria esculenta,-7.71028184890747,51.8823776245117
Alaria esculenta,-2.18186807632446,60.1443786621094
Alaria esculenta,-5.10651397705078,54.7151260375977
Alaria esculenta,-8.57256507873535,57.8188323974609
Alaria esculenta,-5.77059507369995,50.0188102722168
Alaria esculenta,-5.67769193649292,55.8681182861328
Alaria esculenta,-6.61344718933105,57.0059204101562
Alaria esculenta,-13.5635280609131,57.5483589172363
Alaria esculenta,-6.61344718933105,57.0059204101562
Alaria esculenta,-13.5635280609131,57.5483589172363
Alaria esculenta,-5.33287906646729,51.7413749694824
Alaria esculenta,-13.5635280609131,57.5483589172363
Alaria esculenta,-6.61344718933105,57.0059204101562
Alaria esculenta,-5.10283422470093,50.4883995056152
Alaria esculenta,-5.03162908554077,51.5696563720703
Alaria esculenta,-5.67769193649292,55.8681182861328
Alaria esculenta,-5.33287906646729,51.7413749694824
Alaria esculenta,-13.5635280609131,57.5483589172363
Alaria esculenta,-2.0015709400177,55.8332290649414
Alaria esculenta,-2.18186807632446,60.1443786621094
Alaria esculenta,-5.79349613189697,55.4149780273438
Alaria esculenta,-2.18186807632446,60.1443786621094
Alaria esculenta,-5.61945676803589,55.2404174804688
Alaria esculenta,-1.84264695644379,55.6534271240234
Alaria esculenta,-8.31418228149414,55.1168441772461
Alaria esculenta,-13.5635280609131,57.5483589172363
Alaria esculenta,-1.82127225399017,60.2341842651367
Alaria esculenta,-2.18186807632446,60.1443786621094
Alaria esculenta,-9.971604347229,53.7535400390625
Alaria esculenta,-1.84264695644379,55.6534271240234
Alaria esculenta,-9.5883617401123,51.6023712158203
Alaria esculenta,-6.32510423660278,55.9369773864746
Alaria esculenta,-4.74804782867432,54.0045547485352
Alaria esculenta,-13.5635280609131,57.5483589172363
Alaria esculenta,-9.5883617401123,51.6023712158203
Alaria esculenta,-2.52765893936157,59.245491027832
Alaria esculenta,-5.1342887878418,55.074047088623
Alaria esculenta,-6.71611881256104,57.8116989135742
Alaria esculenta,-10.1276378631592,53.8407325744629
Alaria esculenta,-2.18186807632446,60.1443786621094
Alaria esculenta,-6.83588123321533,57.447338104248
Alaria esculenta,-13.5635280609131,57.5483589172363
Alaria esculenta,-3.72275495529175,58.606388092041
Alaria esculenta,-2.18186807632446,60.1443786621094
Alaria esculenta,-3.72275495529175,58.606388092041
Alaria esculenta,-5.24459409713745,58.3073387145996
Alaria esculenta,-5.1342887878418,55.074047088623
Alaria esculenta,-2.52765893936157,59.245491027832
Alaria esculenta,-5.83712911605835,55.8632431030273
Alaria esculenta,-2.87136101722717,58.9742202758789
Alaria esculenta,-9.5883617401123,51.6023712158203
Alaria esculenta,-6.48176622390747,57.2805671691895
Alaria esculenta,-9.5883617401123,51.6023712158203
Alaria esculenta,-2.18186807632446,60.1443786621094
Alaria esculenta,-9.5883617401123,51.6023712158203
Alaria esculenta,-5.24459409713745,58.3073387145996
Alaria esculenta,-5.68218421936035,54.5560760498047
Alaria esculenta,-2.18186807632446,60.1443786621094
Alaria esculenta,-5.55105400085449,56.2314834594727
Alaria esculenta,-13.5635280609131,57.5483589172363
Alaria esculenta,-4.02071905136108,54.7381019592285
Alaria esculenta,-6.71611881256104,57.8116989135742
Alaria esculenta,-5.6148099899292,51.6430778503418
Alaria esculenta,-4.67927694320679,52.9271507263184
Alaria esculenta,-5.75901794433594,51.638542175293
Alaria esculenta,-5.36644983291626,55.9669380187988
Alaria esculenta,-5.34617185592651,51.9208869934082
Alaria esculenta,-2.18186807632446,60.1443786621094
Alaria esculenta,-1.46454203128815,59.9638404846191
Alaria esculenta,-5.24459409713745,58.3073387145996
Alaria esculenta,-5.34617185592651,51.9208869934082
Alaria esculenta,-5.71201992034912,56.2267532348633
Alaria esculenta,-6.1308422088623,57.1127548217773
Alaria esculenta,-5.84803104400635,57.5713272094727
Alaria esculenta,-4.44847822189331,54.1009368896484
Alaria esculenta,-8.57256507873535,57.8188323974609
Alaria esculenta,-4.44847822189331,54.1009368896484
Alaria esculenta,-8.57256507873535,57.8188323974609
Alaria esculenta,-9.5883617401123,51.6023712158203
Alaria esculenta,-8.73973369598389,57.8100204467773
Alaria esculenta,-6.74437189102173,55.2006072998047
Alaria esculenta,-2.18186807632446,60.1443786621094
Alaria esculenta,-6.74437189102173,55.2006072998047
Alaria esculenta,-5.33287906646729,51.7413749694824
Alaria esculenta,-8.72306823730469,57.7208213806152
Alaria esculenta,-13.5635280609131,57.5483589172363
Alaria esculenta,-2.86685919761658,58.7946281433105
Alaria esculenta,-13.5635280609131,57.5483589172363
Alaria esculenta,-2.86685919761658,58.7946281433105
Alaria esculenta,-5.77764701843262,50.1085548400879
Alaria esculenta,-9.58212566375732,51.4226837158203
Alaria esculenta,-3.56276702880859,58.8778991699219
Alaria esculenta,-7.59684085845947,56.9657211303711
Alaria esculenta,-6.6173791885376,58.3550148010254
Alaria esculenta,-5.77638387680054,55.2356567382812
Alaria esculenta,-5.77764701843262,50.1085548400879
Alaria esculenta,-5.77638387680054,55.2356567382812
Alaria esculenta,-1.4556850194931,60.5025367736816
Alaria esculenta,-9.3831844329834,54.3008575439453
Alaria esculenta,-3.56276702880859,58.8778991699219
Alaria esculenta,-9.64067554473877,53.0396461486816
Alaria esculenta,-1.4556850194931,60.5025367736816
Alaria esculenta,-9.49788188934326,53.2212562561035
Alaria esculenta,-1.64929497241974,59.4256896972656
Alaria esculenta,-5.16269016265869,55.432933807373
Alaria esculenta,-5.71201992034912,56.2267532348633
Alaria esculenta,-5.79349613189697,55.4149780273438
Alaria esculenta,-8.57256507873535,57.8188323974609
Alaria esculenta,-3.5311439037323,58.1596794128418
Alaria esculenta,-13.5635280609131,57.5483589172363
Alaria esculenta,-9.64067554473877,53.0396461486816
Alaria esculenta,-4.67927694320679,52.9271507263184
Alaria esculenta,-7.70697021484375,57.6808471679688
Alaria esculenta,-2.18186807632446,60.1443786621094
Alaria esculenta,-9.9508581161499,53.3045654296875
Alaria esculenta,-2.18186807632446,60.1443786621094
Alaria esculenta,-5.10651397705078,54.7151260375977
Alaria esculenta,-4.77639102935791,52.1155815124512
Alaria esculenta,-8.31418228149414,55.1168441772461
Alaria esculenta,-6.94533205032349,58.2527732849121
Alaria esculenta,-5.14841079711914,55.2534942626953
Alaria esculenta,-4.94499206542969,54.6292572021484
Alaria esculenta,-8.31418228149414,55.1168441772461
Alaria esculenta,-8.73973369598389,57.8100204467773
Alaria esculenta,-7.70697021484375,57.6808471679688
Alaria esculenta,-6.31937980651855,49.9096641540527
Alaria esculenta,-5.77059507369995,50.0188102722168
Alaria esculenta,-2.52765893936157,59.245491027832
Alaria esculenta,-1.82125496864319,60.2341728210449
Alaria esculenta,-6.48176622390747,57.2805671691895
Alaria esculenta,-6.01716089248657,54.0229148864746
Alaria esculenta,-5.20740795135498,52.0146942138672
Alaria esculenta,-6.01716089248657,54.0229148864746
Alaria esculenta,-2.87136101722717,58.9742202758789
Alaria esculenta,-9.63052845001221,52.7701873779297
Alaria esculenta,-6.31937980651855,49.9096641540527
Alaria esculenta,-7.70697021484375,57.6808471679688
Alaria esculenta,-2.18186807632446,60.1443786621094
Alaria esculenta,-9.9508581161499,53.3045654296875
Alaria esculenta,-8.73973369598389,57.8100204467773
Alaria esculenta,-5.14841079711914,55.2534942626953
Alaria esculenta,-2.18186807632446,60.1443786621094
Alaria esculenta,-5.84803104400635,57.5713272094727
Alaria esculenta,-2.87136101722717,58.9742202758789
Alaria esculenta,-6.39652919769287,56.5640563964844
Alaria esculenta,-2.87136101722717,58.9742202758789
Alaria esculenta,-8.93057346343994,54.6645469665527
Alaria esculenta,-6.31937980651855,49.9096641540527
Alaria esculenta,-1.27163898944855,60.5914459228516
Alaria esculenta,-2.87136101722717,58.9742202758789
Alaria esculenta,-3.05348992347717,59.2422943115234
Alaria esculenta,-2.87136101722717,58.9742202758789
Alaria esculenta,-8.76885223388672,54.306339263916
Alaria esculenta,-8.93057346343994,54.6645469665527
Alaria esculenta,-8.93057346343994,54.6645469665527
Alaria esculenta,-6.44933700561523,57.0118942260742
Alaria esculenta,-5.49849605560303,50.1173133850098
Alaria esculenta,-5.9565691947937,57.0284652709961
Alaria esculenta,-5.81739902496338,54.9179954528809
Alaria esculenta,-6.61347103118896,57.0059432983398
Alaria esculenta,-5.25283718109131,58.3970069885254
Alaria esculenta,-5.80212497711182,55.5046348571777
Alaria esculenta,-5.80212497711182,55.5046348571777
Alaria esculenta,-1.27365303039551,60.5016708374023
